time;HPS;F;HCS;CCS;W;EEV;Tae;Tbe;SH;Tsump;Tho;Ttarget;lt_pow;lt_on;ERR
2026.09.26 15:50:21;0;0;0;0;20;45;14.8;14.7;0.1;15.4;19.2;36.9;0;0;0
2026.09.26 15:50:51;0;0;0;0;20;45;14.9;14.7;0.2;15.4;19.2;36.9;0;0;0
2026.09.26 15:51:21;0;0;0;0;20;45;14.8;14.7;0.1;15.4;19.2;36.9;0;0;0
2026.09.26 15:51:21;0;0;0;0;20;45;14.8;14.7;0.1;15.4;19.2;36.9;0;0;0
2026.09.26 15:51:38;0;0;0;0;20;45;14.9;14.6;0.3;15.4;19.2;36.9;0;0;0
2026.09.26 15:52:07;0;0;0;0;20;45;14.9;14.6;0.3;15.4;19.2;36.9;0;0;0
2026.09.26 15:52:37;0;0;0;0;20;45;14.9;14.6;0.3;15.4;19.2;36.9;0;0;0
2026.09.26 15:52:44;0;0;0;0;20;45;14.9;14.6;0.3;15.4;19.2;36.9;0;0;0
2026.09.26 15:53:14;0;0;0;0;20;45;15;14.6;0.4;15.4;19.2;36.9;0;0;0
2026.09.26 15:53:44;0;0;0;0;20;45;15;14.6;0.4;15.4;19.2;36.9;0;0;0
2026.09.26 15:54:14;0;0;0;0;20;45;15.1;14.5;0.6;15.4;19.2;36.9;0;0;0
2026.09.26 15:54:44;0;0;0;0;20;45;15;14.6;0.4;15.4;19.2;36.9;0;0;0
2026.09.26 15:55:14;0;0;0;0;20;45;15.1;14.5;0.6;15.4;19.2;36.9;0;0;0
2026.09.26 15:55:44;0;0;0;0;20;45;15.1;14.5;0.6;15.4;19.1;36.9;0;0;0
2026.09.26 15:55:49;1;1;0;0;1743;49;15.1;14.5;0.6;15.4;19.1;36.9;1;2;0
2026.09.26 15:55:58;1;1;1;1;2695;50;14.9;13.9;1;15.5;19.1;36.9;9;13;0
2026.09.26 15:56:08;1;1;1;1;2652;50;14.5;13.1;1.4;16.3;19.1;36.9;16;23;0
2026.09.26 15:56:18;1;1;1;1;2915;50;14.1;12.3;1.8;17.7;19.4;36.9;24;33;0
2026.09.26 15:56:28;1;1;1;1;2827;50;13.6;11.6;2;19.5;19.9;37;32;43;0
2026.09.26 15:56:38;1;1;1;1;2918;51;13.1;11;2.1;21.2;20.5;37;40;53;0
2026.09.26 15:56:48;1;1;1;1;2924;51;12.7;10.5;2.2;22.9;21.3;37.1;48;63;0
2026.09.26 15:56:58;1;1;1;1;2950;51;12.3;10.1;2.2;24.5;22.2;37.1;56;73;0
2026.09.26 15:57:08;1;1;1;1;2962;51;11.9;9.8;2.1;26.1;23.1;37.2;65;83;0
2026.09.26 15:57:18;1;1;1;1;2931;52;11.7;9.5;2.2;27.5;24.1;37.2;73;93;0
2026.09.26 15:57:28;1;1;1;1;2956;52;11.4;9.4;2;28.7;25.1;37.4;81;103;0
2026.09.26 15:57:38;1;1;1;1;2921;52;11.2;9.1;2.1;29.9;25.9;37.6;89;113;0
2026.09.26 15:57:48;1;1;1;1;2936;52;11;8.9;2.1;31;26.8;37.6;97;123;0
2026.09.26 15:57:58;1;1;1;1;2928;53;10.8;8.8;2;32;27.7;37.7;105;133;0
2026.09.26 15:58:08;1;1;1;1;2944;53;10.7;8.7;2;32.9;28.5;37.8;114;143;0
2026.09.26 15:58:18;1;1;1;1;2955;53;10.6;8.6;2;33.8;29.2;37.9;122;153;0
2026.09.26 15:58:28;1;1;1;1;2949;53;10.5;8.5;2;34.6;30;38.1;130;163;0
2026.09.26 15:58:38;1;1;1;1;2956;54;10.4;8.4;2;35.4;30.7;38.2;138;173;0
2026.09.26 15:58:48;1;1;1;1;2958;54;10.3;8.4;1.9;36.1;31.3;38.4;146;183;0
2026.09.26 15:58:58;1;1;1;1;2959;54;10.3;8.4;1.9;36.7;31.9;38.4;154;193;0
2026.09.26 15:59:08;1;1;1;1;2934;54;10.3;8.2;2.1;37.2;32.6;38.6;163;203;0
2026.09.26 15:59:18;1;1;1;1;2960;55;10.3;8.3;2;37.8;33.1;38.7;171;213;0
2026.09.26 15:59:28;1;1;1;1;2941;55;10.3;8.2;2.1;38.4;33.6;38.8;179;223;0
2026.09.26 15:59:38;1;1;1;1;2959;55;10.3;8.2;2.1;38.8;34.1;38.9;187;233;0
2026.09.26 15:59:48;1;1;1;1;2947;55;10.3;8.2;2.1;39.3;34.6;39.1;195;243;0
2026.09.26 15:59:58;1;1;1;1;2952;56;10.3;8.1;2.2;39.7;35.1;39.2;204;253;0
2026.09.26 16:00:08;1;1;1;1;2956;56;10.2;8.1;2.1;40.1;35.5;39.2;212;263;0
2026.09.26 16:00:18;1;1;1;1;2947;56;10.2;8.1;2.1;40.5;35.9;39.4;220;273;0
2026.09.26 16:00:28;1;1;1;1;2956;56;10.1;8.2;1.9;40.8;36.2;39.5;228;283;0
2026.09.26 16:00:38;1;1;1;1;2957;57;10.2;8.1;2.1;41.1;36.6;39.6;236;293;0
2026.09.26 16:00:48;1;1;1;1;2966;57;10.2;8.1;2.1;41.4;36.9;39.7;245;303;0
2026.09.26 16:00:58;1;1;1;1;2945;57;10.3;8.1;2.2;41.7;37.2;39.8;253;313;0
2026.09.26 16:01:08;1;1;1;1;2974;57;10.2;8.1;2.1;41.9;37.6;39.9;261;323;0
2026.09.26 16:01:18;1;1;1;1;2952;58;10.3;8.1;2.2;42.2;37.9;39.9;269;333;0
2026.09.26 16:01:28;1;1;1;1;2963;58;10.3;8.1;2.2;42.4;38.2;40.1;277;343;0
2026.09.26 16:01:38;1;1;1;1;2940;58;10.3;8.1;2.2;42.6;38.4;40.1;286;353;0
2026.09.26 16:01:48;1;1;1;1;2964;58;10.3;8.1;2.2;42.8;38.7;40.2;294;363;0
2026.09.26 16:01:58;1;1;1;1;2955;59;10.3;8.2;2.1;43;38.9;40.2;302;373;0
2026.09.26 16:02:08;1;1;1;1;2975;59;10.3;8.1;2.2;43.2;39.1;40.3;310;383;0
2026.09.26 16:02:18;1;1;1;1;2948;59;10.3;8.2;2.1;43.4;39.3;40.4;318;393;0
2026.09.26 16:02:28;1;1;1;1;2960;59;10.3;8.1;2.2;43.5;39.6;40.5;327;403;0
2026.09.26 16:02:38;1;1;1;1;2964;60;10.3;8.2;2.1;43.7;39.7;40.6;335;413;0
2026.09.26 16:02:48;1;1;1;1;2956;60;10.4;8.1;2.3;43.8;39.9;40.6;343;423;0
2026.09.26 16:02:58;1;1;1;1;2967;60;10.4;8.1;2.3;43.9;40.1;40.7;351;433;0
2026.09.26 16:03:08;1;1;1;1;2934;60;10.4;8.2;2.2;44.1;40.2;40.7;360;443;0
2026.09.26 16:03:18;1;1;1;1;2979;60;10.4;8.1;2.3;44.2;40.4;40.8;368;453;0
2026.09.26 16:03:24;1;1;1;1;2946;60;10.4;8.3;2.1;44.2;40.4;40.8;371;457;0
2026.09.26 16:03:33;1;1;1;1;2976;60;10.4;8.3;2.1;44.3;40.6;40.9;379;467;0
2026.09.26 16:03:43;1;1;1;1;2955;60;10.4;8.2;2.2;44.4;40.7;40.9;388;477;0
2026.09.26 16:03:53;1;1;1;1;2973;61;10.4;8.2;2.2;44.6;40.9;41;396;487;0
2026.09.26 16:04:03;1;1;1;1;2946;61;10.4;8.2;2.2;44.6;40.9;41.1;404;497;0
2026.09.26 16:04:13;1;1;1;1;2963;61;10.4;8.2;2.2;44.7;41.1;41.1;412;507;0
2026.09.26 16:04:23;1;1;1;1;2943;61;10.4;8.2;2.2;44.8;41.2;41.2;420;517;0
2026.09.26 16:04:33;1;1;1;1;2950;62;10.4;8.2;2.2;44.9;41.3;41.2;429;527;0
2026.09.26 16:04:43;1;1;1;1;2953;62;10.4;8.3;2.1;44.9;41.4;41.2;437;537;0
2026.09.26 16:04:53;1;1;1;1;2952;62;10.5;8.3;2.2;45;41.5;41.3;445;547;0
2026.09.26 16:05:03;1;1;1;1;2950;62;10.4;8.3;2.1;45.1;41.6;41.4;453;557;0
2026.09.26 16:05:13;1;1;1;1;2974;63;10.4;8.3;2.1;45.1;41.7;41.4;462;567;0
2026.09.26 16:05:23;1;1;1;1;2976;63;10.5;8.3;2.2;45.2;41.7;41.4;470;577;0
2026.09.26 16:05:33;1;1;1;1;2958;63;10.4;8.3;2.1;45.2;41.8;41.5;478;587;0
2026.09.26 16:05:43;1;1;1;1;2962;63;10.5;8.3;2.2;45.3;41.9;41.6;486;597;0
2026.09.26 16:05:53;1;1;1;1;2942;64;10.5;8.3;2.2;45.3;41.9;41.6;494;607;0
2026.09.26 16:06:03;1;1;1;1;2975;64;10.5;8.3;2.2;45.4;42.1;41.6;503;617;0
2026.09.26 16:06:13;1;1;1;1;2968;64;10.6;8.3;2.3;45.4;42.1;41.6;511;627;0
2026.09.26 16:06:23;1;1;1;1;2979;64;10.6;8.3;2.3;45.4;42.2;41.7;519;637;0
2026.09.26 16:06:33;1;1;1;1;2946;64;10.6;8.4;2.2;45.4;42.2;41.7;527;647;0
2026.09.26 16:06:43;1;1;1;1;2990;64;10.6;8.3;2.3;45.5;42.3;41.7;536;657;0
2026.09.26 16:06:53;1;1;1;1;2959;64;10.6;8.3;2.3;45.6;42.3;41.7;544;667;0
2026.09.26 16:07:03;1;1;1;1;2990;64;10.6;8.3;2.3;45.6;42.4;41.8;552;677;0
2026.09.26 16:07:13;1;1;1;1;2981;64;10.6;8.3;2.3;45.6;42.4;41.8;560;687;0
2026.09.26 16:07:23;1;1;1;1;2949;64;10.6;8.3;2.3;45.6;42.5;41.9;569;697;0
2026.09.26 16:07:33;1;1;1;1;2952;64;10.6;8.3;2.3;45.7;42.6;41.9;577;707;0
2026.09.26 16:07:43;1;1;1;1;2953;64;10.6;8.3;2.3;45.7;42.6;41.9;585;717;0
2026.09.26 16:07:53;1;1;1;1;2936;64;10.7;8.3;2.4;45.7;42.6;41.9;593;727;0
2026.09.26 16:08:03;1;1;1;1;2949;64;10.6;8.3;2.3;45.8;42.7;42;601;737;0
2026.09.26 16:08:13;1;1;1;1;2953;64;10.6;8.3;2.3;45.8;42.7;42;610;747;0
2026.09.26 16:08:23;1;1;1;1;2961;64;10.7;8.3;2.4;45.9;42.7;42.1;618;757;0
2026.09.26 16:08:33;1;1;1;1;2966;64;10.6;8.4;2.2;45.9;42.8;42.1;626;767;0
2026.09.26 16:08:43;1;1;1;1;2959;64;10.6;8.4;2.2;45.9;42.9;42.1;634;777;0
2026.09.26 16:08:53;1;1;1;1;2962;64;10.6;8.4;2.2;45.9;42.9;42.1;643;787;0
2026.09.26 16:09:03;1;1;1;1;2955;64;10.6;8.3;2.3;45.9;42.9;42.1;651;797;0
2026.09.26 16:09:13;1;1;1;1;2975;64;10.7;8.4;2.3;45.9;42.9;42.2;659;807;0
2026.09.26 16:09:23;1;1;1;1;2959;64;10.7;8.3;2.4;46;42.9;42.2;667;817;0
2026.09.26 16:09:33;1;1;1;1;2984;64;10.8;8.4;2.4;46;43;42.2;676;827;0
2026.09.26 16:09:43;1;1;1;1;2978;64;10.7;8.3;2.4;46.1;43.1;42.2;684;837;0
2026.09.26 16:09:53;1;1;1;1;2964;64;10.8;8.4;2.4;46.1;43.1;42.2;692;847;0
2026.09.26 16:10:03;1;1;1;1;2988;64;10.7;8.4;2.3;46.1;43.1;42.2;700;857;0
2026.09.26 16:10:13;1;1;1;1;2943;64;10.8;8.4;2.4;46.1;43.1;42.3;709;867;0
2026.09.26 16:10:18;1;1;1;1;2971;60;10.8;8.4;2.4;46.1;43.1;42.3;712;871;0
2026.09.26 16:10:28;1;1;1;1;2983;60;10.8;8.4;2.4;46.1;43.2;42.3;720;882;0
2026.09.26 16:10:38;1;1;1;1;2971;60;10.8;8.4;2.4;46.2;43.2;42.4;728;892;0
2026.09.26 16:10:48;1;1;1;1;2964;60;10.8;8.4;2.4;46.2;43.2;42.4;737;902;0
2026.09.26 16:10:58;1;1;1;1;2949;60;10.8;8.4;2.4;46.2;43.2;42.4;745;912;0
2026.09.26 16:11:08;1;1;1;1;2957;60;10.8;8.4;2.4;46.2;43.3;42.4;753;922;0
2026.09.26 16:11:18;1;1;1;1;2970;60;10.8;8.4;2.4;46.2;43.3;42.4;762;931;0
2026.09.26 16:11:28;1;1;1;1;2959;60;10.8;8.4;2.4;46.2;43.3;42.5;770;941;0
2026.09.26 16:11:38;1;1;1;1;2971;60;10.8;8.4;2.4;46.3;43.4;42.5;778;951;0
2026.09.26 16:11:48;1;1;1;1;2959;60;10.8;8.4;2.4;46.3;43.4;42.5;786;961;0
2026.09.26 16:11:58;1;1;1;1;2989;60;10.8;8.4;2.4;46.3;43.4;42.5;794;971;0
2026.09.26 16:12:08;1;1;1;1;2958;60;10.8;8.4;2.4;46.4;43.4;42.6;803;981;0
2026.09.26 16:12:18;1;1;1;1;2974;60;10.8;8.5;2.3;46.3;43.5;42.6;811;991;0
2026.09.26 16:12:28;1;1;1;1;2952;60;10.9;8.4;2.5;46.4;43.5;42.6;819;1001;0
2026.09.26 16:12:38;1;1;1;1;2989;60;10.8;8.4;2.4;46.4;43.5;42.6;827;1011;0
2026.09.26 16:12:48;1;1;1;1;2935;60;10.8;8.4;2.4;46.4;43.5;42.6;836;1021;0
2026.09.26 16:12:58;1;1;1;1;2972;60;10.8;8.4;2.4;46.4;43.6;42.6;844;1031;0
2026.09.26 16:13:08;1;1;1;1;2984;60;10.9;8.4;2.5;46.4;43.6;42.7;852;1041;0
2026.09.26 16:13:18;1;1;1;1;2959;60;10.9;8.4;2.5;46.5;43.6;42.7;861;1051;0
2026.09.26 16:13:28;1;1;1;1;2980;60;10.9;8.4;2.5;46.5;43.6;42.7;869;1061;0
2026.09.26 16:13:38;1;1;1;1;2957;60;10.9;8.5;2.4;46.5;43.6;42.7;877;1071;0
2026.09.26 16:13:48;1;1;1;1;2994;60;10.9;8.5;2.4;46.5;43.6;42.7;885;1081;0
2026.09.26 16:13:58;1;1;1;1;2961;60;10.9;8.4;2.5;46.5;43.7;42.7;893;1091;0
2026.09.26 16:14:08;1;1;1;1;2991;60;10.9;8.4;2.5;46.6;43.7;42.7;902;1101;0
2026.09.26 16:14:18;1;1;1;1;2971;60;10.9;8.5;2.4;46.6;43.7;42.8;910;1111;0
2026.09.26 16:14:28;1;1;1;1;2999;60;10.9;8.4;2.5;46.6;43.7;42.8;918;1121;0
2026.09.26 16:14:38;1;1;1;1;2972;60;10.9;8.5;2.4;46.6;43.7;42.9;926;1131;0
2026.09.26 16:14:48;1;1;1;1;2987;60;10.9;8.6;2.3;46.6;43.8;42.9;935;1141;0
2026.09.26 16:14:58;1;1;1;1;2980;60;10.9;8.5;2.4;46.7;43.8;42.9;943;1151;0
2026.09.26 16:15:08;1;1;1;1;2982;60;10.9;8.5;2.4;46.6;43.9;42.9;951;1161;0
2026.09.26 16:15:18;1;1;1;1;2998;60;10.9;8.6;2.3;46.7;43.9;42.9;960;1171;0
2026.09.26 16:15:28;1;1;1;1;2982;60;11;8.6;2.4;46.7;43.9;42.9;968;1181;0
2026.09.26 16:15:38;1;1;1;1;2992;60;11;8.6;2.4;46.7;43.9;42.9;976;1191;0
2026.09.26 16:15:48;1;1;1;1;2986;60;11;8.5;2.5;46.7;43.9;43;984;1201;0
2026.09.26 16:15:58;1;1;1;1;2996;60;11;8.5;2.5;46.7;44;43;993;1211;0
2026.09.26 16:16:08;1;1;1;1;2983;60;11;8.6;2.4;46.8;44;43;1001;1221;0
2026.09.26 16:16:18;1;1;1;1;3008;60;11;8.6;2.4;46.8;44.1;43.1;1010;1231;0
2026.09.26 16:16:28;1;1;1;1;2978;60;11;8.6;2.4;46.9;44.1;43.1;1018;1241;0
2026.09.26 16:16:38;1;1;1;1;3013;60;11;8.6;2.4;46.9;44.1;43.1;1026;1251;0
2026.09.26 16:16:48;1;1;1;1;2986;60;11;8.6;2.4;46.9;44.1;43.1;1034;1261;0
2026.09.26 16:16:58;1;1;1;1;2988;60;11.1;8.6;2.5;46.9;44.2;43.1;1043;1271;0
2026.09.26 16:17:08;1;1;1;1;2997;60;11.1;8.6;2.5;47;44.2;43.1;1051;1281;0
2026.09.26 16:17:18;1;1;1;1;2993;60;11.1;8.6;2.5;47;44.2;43.1;1059;1291;0
2026.09.26 16:17:28;1;1;1;1;3003;60;11.1;8.6;2.5;47;44.2;43.1;1068;1301;0
2026.09.26 16:17:38;1;1;1;1;2990;60;11.1;8.6;2.5;47.1;44.2;43.2;1076;1311;0
2026.09.26 16:17:48;1;1;1;1;3009;60;11.1;8.6;2.5;47.1;44.3;43.2;1084;1321;0
2026.09.26 16:17:58;1;1;1;1;2994;60;11.1;8.7;2.4;47.1;44.3;43.2;1093;1331;0
2026.09.26 16:18:08;1;1;1;1;3033;60;11.1;8.6;2.5;47.1;44.4;43.2;1101;1341;0
2026.09.26 16:18:18;1;1;1;1;2992;60;11.1;8.6;2.5;47.1;44.4;43.2;1110;1351;0
2026.09.26 16:18:28;1;1;1;1;3012;60;11.1;8.7;2.4;47.1;44.4;43.2;1118;1361;0
2026.09.26 16:18:38;1;1;1;1;2979;60;11.1;8.6;2.5;47.2;44.4;43.2;1126;1371;0
2026.09.26 16:18:48;1;1;1;1;3002;60;11.1;8.7;2.4;47.2;44.4;43.3;1134;1381;0
2026.09.26 16:18:58;1;1;1;1;3013;60;11.1;8.7;2.4;47.2;44.5;43.3;1143;1391;0
2026.09.26 16:19:08;1;1;1;1;3002;60;11.1;8.7;2.4;47.2;44.6;43.3;1151;1401;0
2026.09.26 16:19:18;1;1;1;1;3023;60;11.2;8.7;2.5;47.3;44.6;43.4;1160;1411;0
2026.09.26 16:19:28;1;1;1;1;3009;60;11.2;8.7;2.5;47.3;44.6;43.4;1168;1421;0
2026.09.26 16:19:38;1;1;1;1;3023;60;11.1;8.8;2.3;47.3;44.6;43.4;1176;1431;0
2026.09.26 16:19:48;1;1;1;1;2993;60;11.1;8.8;2.3;47.4;44.7;43.4;1185;1441;0
2026.09.26 16:19:58;1;1;1;1;3025;60;11.3;8.8;2.5;47.4;44.7;43.4;1193;1451;0
2026.09.26 16:20:08;1;1;1;1;2999;60;11.3;8.8;2.5;47.4;44.7;43.4;1201;1461;0
2026.09.26 16:20:18;1;1;1;1;3029;60;11.3;8.8;2.5;47.4;44.7;43.4;1210;1471;0
2026.09.26 16:20:28;1;1;1;1;3016;60;11.3;8.8;2.5;47.5;44.7;43.4;1218;1481;0
2026.09.26 16:20:38;1;1;1;1;3023;60;11.3;8.8;2.5;47.5;44.7;43.5;1227;1491;0
2026.09.26 16:20:48;1;1;1;1;3043;60;11.3;8.8;2.5;47.6;44.8;43.5;1235;1501;0
2026.09.26 16:20:58;1;1;1;1;3010;60;11.3;8.8;2.5;47.6;44.9;43.5;1243;1511;0
2026.09.26 16:21:08;1;1;1;1;3038;60;11.3;8.8;2.5;47.6;44.9;43.5;1251;1521;0
2026.09.26 16:21:18;1;1;1;1;2998;60;11.3;8.9;2.4;47.6;44.9;43.6;1260;1531;0
2026.09.26 16:21:28;1;1;1;1;3035;60;11.3;8.9;2.4;47.7;45;43.6;1268;1541;0
2026.09.26 16:21:38;1;1;1;1;3008;60;11.3;8.8;2.5;47.7;45;43.6;1277;1551;0
2026.09.26 16:21:48;1;1;1;1;3042;60;11.4;8.9;2.5;47.7;45.1;43.6;1285;1561;0
2026.09.26 16:21:58;1;1;1;1;3011;60;11.4;8.9;2.5;47.8;45.1;43.6;1294;1571;0
2026.09.26 16:22:08;1;1;1;1;3038;60;11.4;8.9;2.5;47.9;45.2;43.6;1302;1581;0
2026.09.26 16:22:18;1;1;1;1;3030;60;11.4;9;2.4;47.9;45.2;43.6;1310;1591;0
2026.09.26 16:22:28;1;1;1;1;3016;60;11.4;8.9;2.5;47.9;45.2;43.7;1319;1601;0
2026.09.26 16:22:38;1;1;1;1;3049;60;11.4;8.9;2.5;47.9;45.3;43.7;1327;1611;0
2026.09.26 16:22:48;1;1;1;1;3022;60;11.4;8.9;2.5;48;45.4;43.7;1335;1621;0
2026.09.26 16:22:58;1;1;1;1;3057;60;11.4;9;2.4;48.1;45.4;43.7;1344;1631;0
2026.09.26 16:23:08;1;1;1;1;3030;60;11.4;8.9;2.5;48.1;45.4;43.7;1353;1641;0
2026.09.26 16:23:18;1;1;1;1;3067;60;11.4;8.9;2.5;48.1;45.5;43.7;1361;1651;0
2026.09.26 16:23:28;1;1;1;1;3030;60;11.5;9.1;2.4;48.2;45.6;43.7;1369;1661;0
2026.09.26 16:23:38;1;1;1;1;3080;60;11.6;9;2.6;48.2;45.6;43.7;1377;1671;0
2026.09.26 16:23:48;1;1;1;1;3061;60;11.5;9;2.5;48.2;45.6;43.8;1386;1681;0
2026.09.26 16:23:58;1;1;1;1;3051;60;11.6;9.1;2.5;48.3;45.7;43.8;1395;1691;0
2026.09.26 16:24:08;1;1;1;1;3068;60;11.6;9.1;2.5;48.4;45.7;43.8;1403;1701;0
2026.09.26 16:24:18;1;1;1;1;3027;60;11.6;9.1;2.5;48.4;45.8;43.9;1412;1711;0
2026.09.26 16:24:28;1;1;1;1;3056;60;11.6;9.1;2.5;48.5;45.9;43.9;1420;1721;0
2026.09.26 16:24:38;1;1;1;1;3046;60;11.6;9.1;2.5;48.6;45.9;43.9;1428;1731;0
2026.09.26 16:24:48;1;1;1;1;3079;60;11.6;9.1;2.5;48.6;46;43.9;1437;1741;0
2026.09.26 16:24:58;1;1;1;1;3066;60;11.6;9.2;2.4;48.6;46.1;43.9;1446;1751;0
2026.09.26 16:25:08;1;1;1;1;3055;60;11.6;9.2;2.4;48.7;46.1;43.9;1454;1761;0
2026.09.26 16:25:18;1;1;1;1;3080;60;11.6;9.1;2.5;48.7;46.1;43.9;1463;1771;0
2026.09.26 16:25:28;1;1;1;1;3068;60;11.7;9.2;2.5;48.8;46.2;44;1472;1781;0
2026.09.26 16:25:38;1;1;1;1;3094;60;11.7;9.2;2.5;48.8;46.2;44;1480;1791;0
2026.09.26 16:25:48;1;1;1;1;3079;60;11.7;9.3;2.4;48.9;46.3;44;1488;1801;0
2026.09.26 16:25:58;1;1;1;1;3112;60;11.7;9.2;2.5;48.9;46.4;44;1497;1811;0
2026.09.26 16:26:08;1;1;1;1;3065;60;11.8;9.2;2.6;49;46.4;44.1;1506;1821;0
2026.09.26 16:26:18;1;1;1;1;3098;60;11.8;9.3;2.5;49.1;46.5;44.1;1514;1831;0
2026.09.26 16:26:28;1;1;1;1;3076;60;11.8;9.3;2.5;49.1;46.6;44.1;1523;1841;0
2026.09.26 16:26:38;1;1;1;1;3087;60;11.8;9.3;2.5;49.1;46.6;44.1;1531;1851;0
2026.09.26 16:26:48;1;1;1;1;3112;60;11.8;9.4;2.4;49.2;46.7;44.1;1540;1861;0
2026.09.26 16:26:58;1;1;1;1;3134;60;11.8;9.4;2.4;49.2;46.7;44.1;1549;1871;0
2026.09.26 16:27:08;1;1;1;1;3116;60;11.8;9.4;2.4;49.4;46.8;44.1;1557;1881;0
2026.09.26 16:27:18;1;1;1;1;3122;60;11.9;9.4;2.5;49.4;46.8;44.1;1566;1891;0
2026.09.26 16:27:28;1;1;1;1;3099;60;11.9;9.4;2.5;49.5;46.9;44.1;1575;1901;0
2026.09.26 16:27:38;1;1;1;1;3103;60;11.9;9.4;2.5;49.5;47;44.2;1583;1911;0
2026.09.26 16:27:48;1;1;1;1;3112;60;11.9;9.4;2.5;49.6;47.1;44.2;1592;1921;0
2026.09.26 16:27:58;1;1;1;1;3120;60;12;9.4;2.6;49.6;47.2;44.2;1601;1931;0
2026.09.26 16:28:08;1;1;1;1;3133;60;12;9.5;2.5;49.7;47.2;44.2;1609;1941;0
2026.09.26 16:28:18;1;1;1;1;3126;60;12;9.5;2.5;49.7;47.3;44.2;1618;1951;0
2026.09.26 16:28:28;1;1;1;1;3135;60;12.1;9.5;2.6;49.9;47.4;44.2;1627;1961;0
2026.09.26 16:28:38;1;1;1;1;3129;60;12;9.6;2.4;49.9;47.4;44.2;1635;1971;0
2026.09.26 16:28:48;1;1;1;1;3151;60;12.1;9.6;2.5;50;47.6;44.2;1644;1981;0
2026.09.26 16:28:58;1;1;1;1;3159;60;12.1;9.6;2.5;50.1;47.6;44.2;1653;1991;0
2026.09.26 16:29:08;1;1;1;1;3171;60;12.1;9.6;2.5;50.2;47.7;44.3;1662;2001;0
2026.09.26 16:29:18;1;1;1;1;3157;60;12.1;9.6;2.5;50.2;47.7;44.3;1670;2011;0
2026.09.26 16:29:28;1;1;1;1;3166;60;12.2;9.6;2.6;50.3;47.9;44.4;1679;2021;0
2026.09.26 16:29:38;1;1;1;1;3177;60;12.2;9.6;2.6;50.4;47.9;44.4;1688;2031;0
2026.09.26 16:29:48;1;1;1;1;3181;60;12.2;9.7;2.5;50.4;48;44.4;1697;2041;0
2026.09.26 16:29:58;1;1;1;1;3158;60;12.3;9.8;2.5;50.5;48.1;44.4;1706;2051;0
2026.09.26 16:30:08;1;1;1;1;3166;60;12.3;9.7;2.6;50.5;48.1;44.4;1714;2061;0
2026.09.26 16:30:18;1;1;1;1;3160;60;12.3;9.8;2.5;50.6;48.2;44.4;1723;2071;0
2026.09.26 16:30:28;1;1;1;1;3176;60;12.3;9.8;2.5;50.7;48.3;44.4;1732;2081;0
2026.09.26 16:30:38;1;1;1;1;3193;60;12.3;9.8;2.5;50.7;48.4;44.4;1741;2091;0
2026.09.26 16:30:48;1;1;1;1;3181;60;12.3;9.8;2.5;50.8;48.4;44.5;1750;2101;0
2026.09.26 16:30:58;1;1;1;1;3199;60;12.3;9.8;2.5;50.9;48.6;44.5;1758;2111;0
2026.09.26 16:31:08;1;1;1;1;3166;60;12.3;9.8;2.5;50.9;48.6;44.5;1767;2121;0
2026.09.26 16:31:18;1;1;1;1;3192;60;12.4;9.9;2.5;51;48.7;44.5;1776;2131;0
2026.09.26 16:31:28;1;1;1;1;3172;60;12.3;9.8;2.5;51.1;48.7;44.6;1784;2141;0
2026.09.26 16:31:38;1;1;1;1;3189;60;12.4;9.9;2.5;51.1;48.8;44.6;1794;2151;0
2026.09.26 16:31:48;1;1;1;1;3207;60;12.4;9.9;2.5;51.2;48.8;44.6;1803;2161;0
2026.09.26 16:31:58;1;1;1;1;3173;60;12.4;9.9;2.5;51.2;48.9;44.6;1812;2171;0
2026.09.26 16:32:08;1;1;1;1;3198;60;12.4;9.9;2.5;51.2;49;44.6;1820;2181;0
2026.09.26 16:32:18;1;1;1;1;3190;60;12.4;9.9;2.5;51.3;49.1;44.6;1829;2190;0
2026.09.26 16:32:28;1;1;1;1;3199;60;12.5;9.9;2.6;51.4;49.1;44.6;1838;2200;0
2026.09.26 16:32:38;1;1;1;1;3218;60;12.5;9.9;2.6;51.5;49.2;44.6;1847;2211;0
2026.09.26 16:32:48;1;1;1;1;3212;60;12.6;10;2.6;51.5;49.2;44.6;1856;2221;0
2026.09.26 16:32:58;1;1;1;1;3209;60;12.6;10;2.6;51.6;49.3;44.7;1864;2230;0
2026.09.26 16:33:08;1;1;1;1;3216;60;12.6;10;2.6;51.6;49.4;44.7;1873;2240;0
2026.09.26 16:33:18;1;1;1;1;3223;60;12.6;10;2.6;51.7;49.4;44.7;1882;2250;0
2026.09.26 16:33:28;1;1;1;1;3204;60;12.6;10;2.6;51.7;49.5;44.7;1891;2260;0
2026.09.26 16:33:38;1;1;1;1;3214;60;12.6;10;2.6;51.7;49.6;44.7;1900;2270;0
2026.09.26 16:33:48;1;1;1;1;3213;60;12.6;10.1;2.5;51.8;49.6;44.7;1909;2280;0
2026.09.26 16:33:58;1;1;1;1;3212;60;12.6;10.1;2.5;51.9;49.7;44.7;1918;2290;0
2026.09.26 16:34:08;1;1;1;1;3223;60;12.6;10;2.6;51.9;49.7;44.8;1927;2300;0
2026.09.26 16:34:18;1;1;1;1;3212;60;12.6;10.1;2.5;51.9;49.8;44.8;1936;2310;0
2026.09.26 16:34:28;1;1;1;1;3237;60;12.6;10.1;2.5;52;49.9;44.8;1945;2320;0
2026.09.26 16:34:38;1;1;1;1;3223;60;12.7;10.1;2.6;52.1;49.9;44.8;1953;2330;0
2026.09.26 16:34:48;1;1;1;1;3210;60;12.7;10.1;2.6;52.1;49.9;44.9;1962;2340;0
2026.09.26 16:34:58;1;1;1;1;3209;60;12.7;10.1;2.6;52.2;50;44.9;1971;2350;0
2026.09.26 16:35:08;1;1;1;1;3228;60;12.7;10.1;2.6;52.2;50.1;44.9;1980;2360;0
2026.09.26 16:35:18;1;1;1;1;3229;60;12.8;10.1;2.7;52.2;50.1;44.9;1989;2370;0
2026.09.26 16:35:28;1;1;1;1;3243;60;12.8;10.1;2.7;52.3;50.1;44.9;1998;2380;0
2026.09.26 16:35:38;1;1;1;1;3227;60;12.8;10.1;2.7;52.4;50.2;44.9;2007;2390;0
2026.09.26 16:35:48;1;1;1;1;3230;60;12.8;10.1;2.7;52.4;50.2;44.9;2016;2400;0
2026.09.26 16:35:58;1;1;1;1;3207;60;12.8;10.2;2.6;52.4;50.3;44.9;2025;2410;0
2026.09.26 16:36:08;1;1;1;1;3241;60;12.8;10.1;2.7;52.4;50.4;45;2034;2420;0
2026.09.26 16:36:18;1;1;1;1;3221;60;12.8;10.2;2.6;52.5;50.4;45;2043;2430;0
2026.09.26 16:36:28;1;1;1;1;3261;60;12.8;10.2;2.6;52.6;50.4;45;2052;2440;0
2026.09.26 16:36:38;1;1;1;1;3247;60;12.8;10.3;2.5;52.6;50.5;45.1;2061;2450;0
2026.09.26 16:36:48;1;1;1;1;3238;60;12.9;10.3;2.6;52.7;50.6;45.1;2070;2460;0
2026.09.26 16:36:58;1;1;1;1;3250;60;12.8;10.3;2.5;52.7;50.6;45.1;2079;2470;0
2026.09.26 16:37:08;1;1;1;1;3231;60;12.9;10.3;2.6;52.7;50.7;45.1;2088;2480;0
2026.09.26 16:37:18;1;1;1;1;3228;60;12.9;10.3;2.6;52.8;50.7;45.1;2097;2490;0
2026.09.26 16:37:28;1;1;1;1;3249;60;12.9;10.3;2.6;52.8;50.7;45.1;2106;2500;0
2026.09.26 16:37:38;1;1;1;1;3247;60;12.9;10.3;2.6;52.9;50.8;45.1;2115;2510;0
2026.09.26 16:37:48;1;1;1;1;3254;60;12.9;10.3;2.6;52.9;50.9;45.1;2124;2520;0
2026.09.26 16:37:58;1;1;1;1;3253;60;12.9;10.3;2.6;52.9;50.9;45.2;2133;2530;0
2026.09.26 16:38:08;1;1;1;1;3234;60;13;10.3;2.7;52.9;50.9;45.2;2142;2540;0
2026.09.26 16:38:18;1;1;1;1;3255;60;13;10.3;2.7;53;51;45.2;2151;2550;0
2026.09.26 16:38:28;1;1;1;1;3237;60;13.1;10.4;2.7;53.1;51;45.2;2160;2560;0
2026.09.26 16:38:38;1;1;1;1;3245;60;13;10.4;2.6;53.1;51.1;45.2;2169;2570;0
2026.09.26 16:38:48;1;1;1;1;3244;60;13.1;10.4;2.7;53.1;51.1;45.2;2178;2580;0
2026.09.26 16:38:58;1;1;1;1;3231;60;13.1;10.4;2.7;53.1;51.1;45.2;2187;2590;0
2026.09.26 16:39:08;1;1;1;1;3239;60;13;10.4;2.6;53.1;51.2;45.2;2196;2600;0
2026.09.26 16:39:18;1;1;1;1;3231;60;13.1;10.4;2.7;53.2;51.2;45.2;2205;2610;0
2026.09.26 16:39:28;1;1;1;1;3241;60;13.1;10.4;2.7;53.1;51.2;45.2;2214;2620;0
2026.09.26 16:39:38;1;1;1;1;3240;60;13.1;10.4;2.7;53.2;51.2;45.3;2223;2630;0
2026.09.26 16:39:48;1;1;1;1;3255;60;13.1;10.4;2.7;53.2;51.3;45.3;2232;2640;0
2026.09.26 16:39:58;1;1;1;1;3229;60;13.1;10.5;2.6;53.2;51.3;45.4;2241;2650;0
2026.09.26 16:40:08;1;1;1;1;3245;60;13.1;10.4;2.7;53.2;51.4;45.4;2250;2660;0
2026.09.26 16:40:18;1;1;1;1;3255;60;13.1;10.4;2.7;53.2;51.4;45.4;2259;2670;0
2026.09.26 16:40:28;1;1;1;1;3252;60;13.1;10.4;2.7;53.3;51.4;45.4;2268;2680;0
2026.09.26 16:40:38;1;1;1;1;3254;60;13.1;10.5;2.6;53.3;51.4;45.4;2277;2690;0
2026.09.26 16:40:48;1;1;1;1;3256;60;13.2;10.5;2.7;53.4;51.5;45.4;2286;2700;0
2026.09.26 16:40:58;1;1;1;1;3254;60;13.1;10.4;2.7;53.4;51.5;45.4;2295;2710;0
2026.09.26 16:41:08;1;1;1;1;3233;60;13.1;10.5;2.6;53.4;51.5;45.4;2304;2720;0
2026.09.26 16:41:18;1;1;1;1;3265;60;13.2;10.5;2.7;53.4;51.6;45.4;2313;2730;0
2026.09.26 16:41:28;1;1;1;1;3256;60;13.2;10.5;2.7;53.4;51.6;45.4;2322;2740;0
2026.09.26 16:41:38;1;1;1;1;3257;60;13.2;10.5;2.7;53.4;51.6;45.4;2331;2750;0
2026.09.26 16:41:48;1;1;1;1;3265;60;13.2;10.5;2.7;53.5;51.6;45.5;2340;2760;0
2026.09.26 16:41:58;1;1;1;1;3252;60;13.3;10.5;2.8;53.5;51.6;45.5;2349;2770;0
2026.09.26 16:42:08;1;1;1;1;3267;60;13.3;10.5;2.8;53.5;51.7;45.5;2358;2780;0
2026.09.26 16:42:18;1;1;1;1;3271;60;13.3;10.5;2.8;53.6;51.7;45.5;2368;2790;0
2026.09.26 16:42:28;1;1;1;1;3265;60;13.3;10.6;2.7;53.6;51.7;45.6;2377;2800;0
2026.09.26 16:42:38;1;1;1;1;3261;60;13.3;10.5;2.8;53.6;51.7;45.6;2386;2810;0
2026.09.26 16:42:48;1;1;1;1;3275;60;13.3;10.5;2.8;53.6;51.8;45.6;2395;2820;0
2026.09.26 16:42:58;1;1;1;1;3262;60;13.3;10.6;2.7;53.7;51.9;45.6;2404;2830;0
2026.09.26 16:43:08;1;1;1;1;3273;60;13.3;10.6;2.7;53.7;51.9;45.6;2413;2840;0
2026.09.26 16:43:18;1;1;1;1;3275;60;13.3;10.6;2.7;53.7;51.9;45.6;2422;2850;0
2026.09.26 16:43:28;1;1;1;1;3254;60;13.3;10.6;2.7;53.7;51.9;45.6;2431;2860;0
2026.09.26 16:43:38;1;1;1;1;3263;60;13.3;10.6;2.7;53.8;51.9;45.6;2440;2870;0
2026.09.26 16:43:48;1;1;1;1;3277;60;13.3;10.6;2.7;53.8;52;45.6;2449;2880;0
2026.09.26 16:43:58;1;1;1;1;3275;60;13.3;10.6;2.7;53.8;52;45.6;2458;2890;0
2026.09.26 16:44:08;1;1;1;1;3271;60;13.4;10.6;2.8;53.8;52.1;45.7;2468;2900;0
2026.09.26 16:44:18;1;1;1;1;3303;60;13.3;10.6;2.7;53.9;52.1;45.7;2477;2910;0
2026.09.26 16:44:28;1;1;1;1;3268;60;13.3;10.6;2.7;53.9;52.1;45.7;2486;2920;0
2026.09.26 16:44:38;1;1;1;1;3293;60;13.4;10.6;2.8;53.9;52.1;45.7;2495;2930;0
2026.09.26 16:44:48;1;1;1;1;3264;60;13.4;10.6;2.8;53.9;52.1;45.7;2504;2940;0
2026.09.26 16:44:58;1;1;1;1;3263;60;13.4;10.6;2.8;53.9;52.2;45.7;2513;2950;0
2026.09.26 16:45:08;1;1;1;1;3255;60;13.4;10.7;2.7;53.9;52.2;45.7;2521;2960;0
2026.09.26 16:45:18;1;1;1;1;3275;60;13.4;10.7;2.7;54;52.2;45.7;2531;2970;0
2026.09.26 16:45:28;1;1;1;1;3282;60;13.4;10.6;2.8;54;52.2;45.7;2540;2980;0
2026.09.26 16:45:38;1;1;1;1;3274;60;13.4;10.6;2.8;54;52.2;45.7;2549;2990;0
2026.09.26 16:45:48;1;1;1;1;3280;60;13.4;10.6;2.8;54;52.2;45.7;2558;3000;0
2026.09.26 16:45:58;1;1;1;1;3280;60;13.4;10.6;2.8;54;52.3;45.7;2568;3010;0
2026.09.26 16:46:08;1;1;1;1;3279;60;13.4;10.6;2.8;54;52.3;45.7;2576;3020;0
2026.09.26 16:46:18;1;1;1;1;3262;60;13.4;10.6;2.8;54;52.3;45.7;2585;3030;0
2026.09.26 16:46:28;1;1;1;1;3266;60;13.4;10.6;2.8;54;52.3;45.8;2595;3040;0
2026.09.26 16:46:38;1;1;1;1;3269;60;13.4;10.6;2.8;54;52.4;45.8;2604;3050;0
2026.09.26 16:46:48;1;1;1;1;3283;60;13.5;10.6;2.9;54.1;52.4;45.8;2613;3060;0
2026.09.26 16:46:58;1;1;1;1;3271;60;13.4;10.6;2.8;54.1;52.4;45.9;2622;3070;0
2026.09.26 16:47:08;1;1;1;1;3270;60;13.4;10.7;2.7;54.1;52.4;45.8;2631;3080;0
2026.09.26 16:47:18;1;1;1;1;3273;60;13.4;10.6;2.8;54.1;52.4;45.9;2640;3090;0
2026.09.26 16:47:28;1;1;1;1;3286;60;13.4;10.6;2.8;54.1;52.4;45.9;2649;3100;0
2026.09.26 16:47:38;1;1;1;1;3280;60;13.4;10.6;2.8;54.1;52.4;45.9;2659;3110;0
2026.09.26 16:47:48;1;1;1;1;3292;60;13.4;10.6;2.8;54.1;52.4;45.9;2668;3120;0
2026.09.26 16:47:58;1;1;1;1;3260;60;13.4;10.7;2.7;54.1;52.4;45.9;2677;3130;0
2026.09.26 16:48:08;1;1;1;1;3283;60;13.4;10.6;2.8;54.1;52.4;45.9;2685;3140;0
2026.09.26 16:48:18;1;1;1;1;3263;60;13.4;10.6;2.8;54.1;52.4;45.9;2695;3150;0
2026.09.26 16:48:28;1;1;1;1;3274;60;13.4;10.6;2.8;54.1;52.4;45.9;2704;3160;0
2026.09.26 16:48:38;1;1;1;1;3272;60;13.4;10.6;2.8;54.1;52.4;45.9;2713;3170;0
2026.09.26 16:48:48;1;1;1;1;3263;60;13.4;10.6;2.8;54.1;52.5;45.9;2722;3180;0
2026.09.26 16:48:58;1;1;1;1;3291;60;13.4;10.7;2.7;54.1;52.5;45.9;2732;3190;0
2026.09.26 16:49:08;1;1;1;1;3280;60;13.4;10.7;2.7;54.1;52.5;45.9;2740;3200;0
2026.09.26 16:49:18;1;1;1;1;3288;60;13.4;10.7;2.7;54.2;52.5;45.9;2749;3210;0
2026.09.26 16:49:28;1;1;1;1;3267;60;13.4;10.7;2.7;54.2;52.5;46;2758;3220;0
2026.09.26 16:49:38;1;1;1;1;3265;60;13.4;10.7;2.7;54.2;52.6;46;2767;3230;0
2026.09.26 16:49:48;1;1;1;1;3289;60;13.4;10.7;2.7;54.2;52.5;46;2777;3240;0
2026.09.26 16:49:58;1;1;1;1;3268;60;13.4;10.7;2.7;54.2;52.5;46;2786;3250;0
2026.09.26 16:50:08;1;1;1;1;3268;60;13.5;10.7;2.8;54.2;52.6;46;2795;3260;0
2026.09.26 16:50:18;1;1;1;1;3278;60;13.5;10.7;2.8;54.2;52.6;46.1;2804;3270;0
2026.09.26 16:50:28;1;1;1;1;3276;60;13.4;10.7;2.7;54.2;52.6;46.1;2813;3280;0
2026.09.26 16:50:38;1;1;1;1;3287;60;13.5;10.6;2.9;54.2;52.6;46.1;2822;3290;0
2026.09.26 16:50:48;1;1;1;1;3273;60;13.5;10.6;2.9;54.2;52.6;46.1;2831;3300;0
2026.09.26 16:50:58;1;1;1;1;3287;60;13.5;10.7;2.8;54.2;52.6;46.1;2840;3310;0
2026.09.26 16:51:08;1;1;1;1;3259;60;13.5;10.7;2.8;54.2;52.6;46.1;2849;3320;0
2026.09.26 16:51:18;1;1;1;1;3282;60;13.5;10.7;2.8;54.2;52.6;46.1;2859;3330;0
2026.09.26 16:51:28;1;1;1;1;3282;60;13.5;10.7;2.8;54.2;52.6;46.1;2868;3340;0
2026.09.26 16:51:38;1;1;1;1;3277;60;13.4;10.7;2.7;54.2;52.6;46.1;2876;3350;0
2026.09.26 16:51:48;1;1;1;1;3300;60;13.5;10.7;2.8;54.2;52.6;46.1;2886;3360;0
2026.09.26 16:51:58;1;1;1;1;3275;60;13.6;10.7;2.9;54.2;52.6;46.1;2895;3370;0
2026.09.26 16:52:08;1;1;1;1;3266;60;13.6;10.7;2.9;54.3;52.6;46.2;2904;3380;0
2026.09.26 16:52:18;1;1;1;1;3277;60;13.5;10.7;2.8;54.3;52.6;46.2;2913;3389;0
2026.09.26 16:52:28;1;1;1;1;3269;60;13.5;10.7;2.8;54.2;52.6;46.2;2922;3399;0
2026.09.26 16:52:38;1;1;1;1;3269;60;13.5;10.7;2.8;54.3;52.6;46.2;2931;3409;0
2026.09.26 16:52:48;1;1;1;1;3296;60;13.6;10.7;2.9;54.3;52.6;46.2;2940;3419;0
2026.09.26 16:52:58;1;1;1;1;3263;60;13.6;10.7;2.9;54.3;52.6;46.2;2949;3429;0
2026.09.26 16:53:08;1;1;1;1;3274;60;13.6;10.7;2.9;54.3;52.6;46.2;2959;3439;0
2026.09.26 16:53:18;1;1;1;1;3263;60;13.6;10.8;2.8;54.3;52.6;46.2;2968;3449;0
2026.09.26 16:53:28;1;1;1;1;3282;60;13.6;10.7;2.9;54.3;52.7;46.2;2977;3459;0
2026.09.26 16:53:38;1;1;1;1;3297;60;13.6;10.7;2.9;54.3;52.6;46.2;2986;3469;0
2026.09.26 16:53:48;1;1;1;1;3290;60;13.6;10.7;2.9;54.3;52.7;46.2;2995;3479;0
2026.09.26 16:53:58;1;1;1;1;3274;60;13.6;10.7;2.9;54.3;52.7;46.2;3004;3489;0
2026.09.26 16:54:08;1;1;1;1;3269;60;13.6;10.7;2.9;54.3;52.7;46.2;3013;3499;0
2026.09.26 16:54:18;1;1;1;1;3315;60;13.6;10.8;2.8;54.3;52.7;46.2;3022;3509;0
2026.09.26 16:54:28;1;1;1;1;3290;60;13.5;10.7;2.8;54.3;52.7;46.2;3032;3519;0
2026.09.26 16:54:38;1;1;1;1;3280;60;13.6;10.8;2.8;54.3;52.7;46.3;3041;3529;0
2026.09.26 16:54:48;1;1;1;1;3291;60;13.6;10.7;2.9;54.4;52.7;46.3;3050;3539;0
2026.09.26 16:54:58;1;1;1;1;3306;60;13.5;10.8;2.7;54.3;52.7;46.3;3059;3549;0
2026.09.26 16:55:08;1;1;1;1;3298;60;13.6;10.7;2.9;54.4;52.7;46.3;3068;3559;0
2026.09.26 16:55:18;1;1;1;1;3314;60;13.6;10.7;2.9;54.4;52.7;46.4;3077;3569;0
2026.09.26 16:55:28;1;1;1;1;3299;60;13.7;10.7;3;54.4;52.8;46.4;3086;3579;0
2026.09.26 16:55:38;1;1;1;1;3292;60;13.6;10.8;2.8;54.4;52.8;46.4;3095;3589;0
2026.09.26 16:55:48;1;1;1;1;3294;60;13.6;10.8;2.8;54.4;52.8;46.4;3104;3599;0
2026.09.26 16:55:58;1;1;1;1;3293;60;13.6;10.8;2.8;54.4;52.8;46.4;3114;3609;0
2026.09.26 16:56:08;1;1;1;1;3279;60;13.6;10.7;2.9;54.4;52.8;46.4;3123;3619;0
2026.09.26 16:56:18;1;1;1;1;3291;60;13.6;10.8;2.8;54.4;52.8;46.4;3132;3629;0
2026.09.26 16:56:28;1;1;1;1;3289;60;13.6;10.8;2.8;54.4;52.9;46.4;3141;3639;0
2026.09.26 16:56:38;1;1;1;1;3333;60;13.6;10.8;2.8;54.4;52.9;46.4;3150;3649;0
2026.09.26 16:56:48;1;1;1;1;3294;60;13.6;10.8;2.8;54.4;52.9;46.4;3159;3659;0
2026.09.26 16:56:58;1;1;1;1;3281;60;13.7;10.7;3;54.4;52.9;46.4;3169;3669;0
2026.09.26 16:57:08;1;1;1;1;3303;60;13.7;10.7;3;54.5;52.9;46.4;3178;3679;0
2026.09.26 16:57:18;1;1;1;1;3306;60;13.7;10.8;2.9;54.5;52.9;46.5;3187;3689;0
2026.09.26 16:57:28;1;1;1;1;3303;60;13.7;10.8;2.9;54.6;52.9;46.5;3196;3699;0
2026.09.26 16:57:38;1;1;1;1;3292;60;13.6;10.7;2.9;54.6;52.9;46.5;3205;3709;0
2026.09.26 16:57:48;1;1;1;1;3313;60;13.6;10.8;2.8;54.6;53;46.5;3214;3719;0
2026.09.26 16:57:58;1;1;1;1;3305;60;13.6;10.8;2.8;54.6;53;46.5;3224;3729;0
2026.09.26 16:58:08;1;1;1;1;3322;60;13.6;10.8;2.8;54.6;53;46.5;3233;3739;0
2026.09.26 16:58:18;1;1;1;1;3305;60;13.6;10.8;2.8;54.6;53;46.6;3242;3749;0
2026.09.26 16:58:28;1;1;1;1;3314;60;13.7;10.8;2.9;54.7;53;46.6;3251;3759;0
2026.09.26 16:58:38;1;1;1;1;3315;60;13.8;10.8;3;54.6;53.1;46.6;3260;3769;0
2026.09.26 16:58:48;1;1;1;1;3326;60;13.8;10.8;3;54.7;53.1;46.6;3270;3779;0
2026.09.26 16:58:58;1;1;1;1;3334;60;13.7;10.8;2.9;54.7;53.1;46.6;3279;3789;0
2026.09.26 16:59:08;1;1;1;1;3320;60;13.8;10.8;3;54.7;53.1;46.6;3288;3799;0
2026.09.26 16:59:18;1;1;1;1;3336;60;13.7;10.8;2.9;54.7;53.1;46.6;3297;3809;0
2026.09.26 16:59:28;1;1;1;1;3331;60;13.6;10.8;2.8;54.7;53.1;46.6;3307;3819;0
2026.09.26 16:59:38;1;1;1;1;3322;60;13.7;10.8;2.9;54.7;53.1;46.6;3316;3829;0
2026.09.26 16:59:48;1;1;1;1;3342;60;13.7;10.9;2.8;54.8;53.2;46.6;3325;3839;0
2026.09.26 16:59:58;1;1;1;1;3336;60;13.8;10.8;3;54.8;53.2;46.7;3335;3849;0
2026.09.26 17:00:08;1;1;1;1;3342;60;13.8;10.8;3;54.8;53.2;46.7;3344;3859;0
2026.09.26 17:00:18;1;1;1;1;3359;60;13.8;10.9;2.9;54.8;53.2;46.7;3353;3869;0
2026.09.26 17:00:28;1;1;1;1;3364;60;13.8;10.8;3;54.9;53.2;46.7;3363;3879;0
2026.09.26 17:00:38;1;1;1;1;3333;60;13.7;10.9;2.8;54.9;53.2;46.7;3372;3889;0
2026.09.26 17:00:48;1;1;1;1;3344;60;13.8;10.8;3;54.9;53.2;46.7;3381;3899;0
2026.09.26 17:00:58;1;1;1;1;3339;60;13.8;10.8;3;54.9;53.2;46.7;3390;3909;0
2026.09.26 17:01:08;1;1;1;1;3345;60;13.8;10.9;2.9;54.9;53.3;46.7;3400;3919;0
2026.09.26 17:01:18;1;1;1;1;3347;60;13.8;10.8;3;54.9;53.3;46.7;3409;3929;0
2026.09.26 17:01:28;1;1;1;1;3330;60;13.8;10.9;2.9;54.9;53.4;46.7;3418;3939;0
2026.09.26 17:01:38;1;1;1;1;3347;60;13.8;10.9;2.9;54.9;53.4;46.7;3427;3949;0
2026.09.26 17:01:48;1;1;1;1;3343;60;13.8;10.9;2.9;55;53.4;46.7;3437;3959;0
2026.09.26 17:01:58;1;1;1;1;3346;60;13.8;10.9;2.9;55;53.4;46.8;3446;3969;0
2026.09.26 17:02:08;1;1;1;1;3343;60;13.8;10.9;2.9;55;53.4;46.8;3455;3979;0
2026.09.26 17:02:18;1;1;1;1;3347;60;13.8;10.9;2.9;55;53.4;46.8;3465;3989;0
2026.09.26 17:02:28;1;1;1;1;3342;60;13.8;10.9;2.9;55;53.4;46.8;3474;3999;0
2026.09.26 17:02:38;1;1;1;1;3357;60;13.8;10.9;2.9;55.1;53.5;46.9;3483;4009;0
2026.09.26 17:02:48;1;1;1;1;3342;60;13.8;10.9;2.9;55.1;53.5;46.9;3493;4019;0
2026.09.26 17:02:58;1;1;1;1;3333;60;13.8;10.9;2.9;55;53.5;46.9;3502;4029;0
2026.09.26 17:03:08;1;1;1;1;3349;60;13.8;10.9;2.9;55.1;53.5;46.9;3511;4039;0
2026.09.26 17:03:18;1;1;1;1;3341;60;13.9;10.9;3;55.1;53.5;46.9;3520;4049;0
2026.09.26 17:03:28;1;1;1;1;3356;60;13.9;10.9;3;55.1;53.5;46.9;3530;4059;0
2026.09.26 17:03:38;1;1;1;1;3350;60;13.8;10.9;2.9;55.1;53.5;46.9;3539;4069;0
2026.09.26 17:03:48;1;1;1;1;3337;60;13.8;10.9;2.9;55.1;53.5;46.9;3548;4079;0
2026.09.26 17:03:58;1;1;1;1;3327;60;13.9;10.9;3;55.1;53.6;46.9;3558;4089;0
2026.09.26 17:04:08;1;1;1;1;3355;60;13.9;10.9;3;55.1;53.6;46.9;3567;4099;0
2026.09.26 17:04:18;1;1;1;1;3340;60;13.8;10.9;2.9;55.1;53.6;47;3576;4109;0
2026.09.26 17:04:28;1;1;1;1;3341;60;13.9;10.9;3;55.1;53.6;47;3585;4119;0
2026.09.26 17:04:38;1;1;1;1;3345;60;13.9;10.9;3;55.1;53.6;47;3595;4129;0
2026.09.26 17:04:48;1;1;1;1;3312;60;13.8;10.9;2.9;55.1;53.6;47;3604;4139;0
2026.09.26 17:04:58;1;1;1;1;3332;60;13.9;10.9;3;55.2;53.6;47;3612;4149;0
2026.09.26 17:05:08;1;1;1;1;3338;60;13.9;10.9;3;55.1;53.6;47;3622;4159;0
2026.09.26 17:05:18;1;1;1;1;3335;60;13.9;10.9;3;55.2;53.6;47.1;3631;4169;0
2026.09.26 17:05:28;1;1;1;1;3328;60;13.9;10.9;3;55.1;53.6;47.1;3641;4179;0
2026.09.26 17:05:38;1;1;1;1;3336;60;13.9;10.9;3;55.1;53.6;47.1;3649;4189;0
2026.09.26 17:05:48;1;1;1;1;3332;60;13.9;10.9;3;55.2;53.6;47.1;3659;4199;0
2026.09.26 17:05:58;1;1;1;1;3353;60;13.9;10.9;3;55.2;53.7;47.1;3668;4209;0
2026.09.26 17:06:08;1;1;1;1;3325;60;13.9;11;2.9;55.2;53.6;47.1;3678;4219;0
2026.09.26 17:06:18;1;1;1;1;3348;60;13.9;10.9;3;55.2;53.6;47.1;3687;4229;0
2026.09.26 17:06:28;1;1;1;1;3332;60;13.9;10.9;3;55.2;53.7;47.1;3696;4239;0
2026.09.26 17:06:38;1;1;1;1;3318;60;13.9;10.9;3;55.2;53.7;47.2;3705;4249;0
2026.09.26 17:06:48;1;1;1;1;3310;60;13.9;10.9;3;55.2;53.7;47.2;3714;4259;0
2026.09.26 17:06:58;1;1;1;1;3327;60;13.9;10.9;3;55.2;53.7;47.2;3724;4269;0
2026.09.26 17:07:08;1;1;1;1;3338;60;13.9;10.9;3;55.2;53.7;47.2;3733;4279;0
2026.09.26 17:07:18;1;1;1;1;3342;60;13.9;10.9;3;55.2;53.7;47.2;3742;4289;0
2026.09.26 17:07:28;1;1;1;1;3354;60;13.9;10.9;3;55.2;53.7;47.2;3751;4299;0
2026.09.26 17:07:38;1;1;1;1;3359;60;13.9;10.9;3;55.2;53.7;47.2;3760;4309;0
2026.09.26 17:07:48;1;1;1;1;3347;60;13.8;10.9;2.9;55.2;53.7;47.2;3770;4319;0
2026.09.26 17:07:58;1;1;1;1;3315;60;13.9;10.9;3;55.2;53.7;47.2;3779;4329;0
2026.09.26 17:08:08;1;1;1;1;3344;60;13.9;10.9;3;55.2;53.7;47.3;3788;4339;0
2026.09.26 17:08:18;1;1;1;1;3317;60;13.9;10.9;3;55.2;53.7;47.3;3798;4349;0
2026.09.26 17:08:28;1;1;1;1;3324;60;13.9;10.9;3;55.2;53.7;47.3;3807;4359;0
2026.09.26 17:08:38;1;1;1;1;3331;60;13.9;11;2.9;55.2;53.7;47.4;3816;4369;0
2026.09.26 17:08:48;1;1;1;1;3322;60;13.9;10.9;3;55.2;53.7;47.4;3825;4379;0
2026.09.26 17:08:58;1;1;1;1;3323;60;13.9;11;2.9;55.2;53.7;47.4;3835;4389;0
2026.09.26 17:09:08;1;1;1;1;3307;60;13.9;10.9;3;55.2;53.7;47.4;3844;4399;0
2026.09.26 17:09:18;1;1;1;1;3330;60;14;11;3;55.2;53.7;47.4;3853;4409;0
2026.09.26 17:09:28;1;1;1;1;3348;60;14;10.9;3.1;55.2;53.7;47.4;3863;4419;0
2026.09.26 17:09:38;1;1;1;1;3323;60;14;11;3;55.2;53.7;47.4;3872;4429;0
2026.09.26 17:09:48;1;1;1;1;3310;60;13.9;10.9;3;55.2;53.8;47.4;3881;4439;0
2026.09.26 17:09:58;1;1;1;1;3326;60;13.9;11;2.9;55.2;53.8;47.5;3890;4449;0
2026.09.26 17:10:08;1;1;1;1;3334;60;13.9;11;2.9;55.2;53.8;47.5;3899;4459;0
2026.09.26 17:10:18;1;1;1;1;3338;60;13.9;10.9;3;55.2;53.8;47.5;3909;4469;0
2026.09.26 17:10:28;1;1;1;1;3329;60;13.9;11;2.9;55.3;53.8;47.5;3918;4479;0
2026.09.26 17:10:38;1;1;1;1;3332;60;14;11;3;55.2;53.8;47.6;3927;4489;0
2026.09.26 17:10:48;1;1;1;1;3349;60;13.9;11;2.9;55.2;53.8;47.6;3936;4499;0
2026.09.26 17:10:58;1;1;1;1;3334;60;14;11;3;55.3;53.8;47.6;3946;4509;0
2026.09.26 17:11:08;1;1;1;1;3330;60;13.9;11;2.9;55.3;53.9;47.6;3955;4519;0
2026.09.26 17:11:18;1;1;1;1;3340;60;14;11;3;55.3;53.8;47.6;3964;4529;0
2026.09.26 17:11:28;1;1;1;1;3333;60;14;11;3;55.3;53.9;47.6;3973;4539;0
2026.09.26 17:11:38;1;1;1;1;3331;60;13.9;11;2.9;55.3;53.9;47.7;3983;4548;0
2026.09.26 17:11:48;1;1;1;1;3319;60;13.9;11;2.9;55.3;53.9;47.7;3992;4558;0
2026.09.26 17:11:58;1;1;1;1;3352;60;13.9;11;2.9;55.3;53.9;47.7;4001;4568;0
2026.09.26 17:12:08;1;1;1;1;3315;60;14.1;11.1;3;55.4;53.9;47.7;4010;4578;0
2026.09.26 17:12:18;1;1;1;1;3327;60;14;11;3;55.4;53.9;47.7;4020;4588;0
2026.09.26 17:12:28;1;1;1;1;3326;60;14;11;3;55.4;53.9;47.7;4029;4598;0
2026.09.26 17:12:38;1;1;1;1;3337;60;13.9;11;2.9;55.4;53.9;47.7;4038;4608;0
2026.09.26 17:12:44;1;1;1;1;3325;60;13.9;11;2.9;55.4;53.9;47.8;4043;4613;0
2026.09.26 17:12:54;1;1;1;1;3318;60;14;11;3;55.4;53.9;47.8;4052;4624;0
2026.09.26 17:13:04;1;1;1;1;3336;60;14;11.1;2.9;55.4;53.9;47.9;4062;4634;0
2026.09.26 17:13:14;1;1;1;1;3307;60;14.1;11;3.1;55.4;53.9;47.9;4071;4644;0
2026.09.26 17:13:24;1;1;1;1;3343;60;14.1;11;3.1;55.4;53.9;47.9;4080;4654;0
2026.09.26 17:13:34;1;1;1;1;3326;60;14;11;3;55.4;54;47.9;4090;4664;0
2026.09.26 17:13:44;1;1;1;1;3331;60;14.1;11;3.1;55.4;54;47.9;4099;4674;0
2026.09.26 17:13:54;1;1;1;1;3330;60;14;11;3;55.5;54;47.9;4108;4684;0
2026.09.26 17:14:04;1;1;1;1;3349;60;14;11;3;55.5;54;48;4117;4694;0
2026.09.26 17:14:14;1;1;1;1;3332;60;14;11.1;2.9;55.5;54;48;4127;4704;0
2026.09.26 17:14:24;1;1;1;1;3328;60;14.1;11;3.1;55.5;54;48;4136;4714;0
2026.09.26 17:14:34;0;0;1;1;575;60;14;11.1;2.9;55.5;54.1;48.1;4137;4715;0
2026.09.26 17:14:44;0;0;1;0;576;60;14.3;11.8;2.5;55.4;54.1;48.1;4137;4715;0
2026.09.26 17:15:14;0;0;1;0;575;45;14.6;13.7;0.9;54.8;53.7;48.1;4137;4715;0
2026.09.26 17:15:44;0;0;1;0;569;45;15.2;15.3;-0.1;53.2;52.6;48.2;4137;4715;0
